task,model,accuracy,macro_f1,weighted_f1,n_train,n_test
binary,LogReg,0.9611,0.6889,0.9521,152525,124844
8class,LogReg,0.7699,0.548,0.7391,152525,124844
34class,LogReg,0.7357,0.5314,0.7225,152525,124844
binary,LightGBM,0.9803,0.906,0.9816,152525,124844
8class,LightGBM,0.9674,0.8099,0.9707,152525,124844
34class,LightGBM,0.9579,0.8064,0.9598,152525,124844
binary,CompactMLP,0.9674,0.7615,0.9619,152525,124844
8class,CompactMLP,0.8338,0.6432,0.8245,152525,124844
34class,CompactMLP,0.8104,0.6357,0.8112,152525,124844
binary,RandomForest,0.9786,0.8972,0.9799,152525,124844
8class,RandomForest,0.9524,0.766,0.9589,152525,124844
34class,RandomForest,0.9151,0.7385,0.9268,152525,124844
